model,pr_auc,roc_auc,weighted_bce,precision_at_k,k
HistGradientBoosting (class_weight=balanced),0.999528343667943,0.9999393609324747,0.006810193939573803,0.19990588235294118,21250
Logistic Regression (class_weight=balanced),0.9946072431277195,0.9991483521994575,0.04807823132699618,0.19891764705882353,21250
"Ridge-penalized Logistic Regression (L2, C=0.1)",0.9946049882504829,0.9990263735625886,0.04942065774245522,0.19891764705882353,21250
"Lasso-penalized Logistic Regression (L1, C=0.1)",0.9945837783594574,0.9987054004152529,0.06989041119581621,0.19891764705882353,21250
