model,pr_auc,roc_auc,weighted_bce,precision_at_k,k
HistGradientBoosting (class_weight=balanced),0.9994823027272759,0.9999355169641972,0.007512583303562228,0.19990588235294118,21250
Logistic Regression (class_weight=balanced),0.9945854461327005,0.9991175543203236,0.04857817749040345,0.19891764705882353,21250
"Ridge-penalized Logistic Regression (L2, C=0.1)",0.9945795237718351,0.9989765454785916,0.049763150451528126,0.19891764705882353,21250
"Lasso-penalized Logistic Regression (L1, C=0.1)",0.9945379927124518,0.9986390689432754,0.0736420003142319,0.19891764705882353,21250
