model,pr_auc_mean,pr_auc_std,roc_auc_mean,weighted_bce_mean,precision_at_k_mean,precision_at_k_std,recall_at_k_mean,recall_at_k_std,n_folds
XGBoost (tuned),0.9970684885954277,0.0048019800124863,0.999811354259459,0.3321059155172587,0.19960851515352476,0.000637751706400707,0.9980425757676238,0.0031887585320035925,3
XGBoost (default params),0.9968007656766273,0.005187431854082994,0.9988001885031398,0.12715873401523745,0.19938303601034554,0.0010281281184383974,0.9969151800517276,0.005140640592191859,3
LightGBM (tuned),0.9967764831815095,0.005264042240945087,0.9990683613098567,0.152409726136607,0.19938303601034554,0.0010281281184383974,0.9969151800517276,0.005140640592191859,3
LightGBM (default params),0.9967553713853304,0.005337812971413911,0.9982532048610689,0.11044139895929452,0.19939872228485533,0.001041443552089535,0.9969936114242767,0.005207217760447518,3
HistGradientBoosting (class_weight=balanced),0.9964504849029527,0.005695010575165051,0.9988467166511849,0.031807186979019,0.19929219002144263,0.00114542166885577,0.9964609501072131,0.005727108344278825,3
Logistic Regression (class_weight=balanced),0.5037468179140214,0.4681961897430546,0.996780035202908,0.10572046170159627,0.14034805964201813,0.10062652427511615,0.7017402982100908,0.5031326213755808,3
"Lasso-penalized Logistic Regression (L1, C=0.1)",0.49531229506086233,0.4632787659824326,0.99667868792467,0.10831782864550403,0.14935238864634715,0.08503077326595904,0.7467619432317356,0.42515386632979524,3
"Ridge-penalized Logistic Regression (L2, C=0.1)",0.4934592788812407,0.4700879226010563,0.9965777069320341,0.10206325805270862,0.14000173929569779,0.10122636210967016,0.700008696478489,0.5061318105483508,3
