model,pr_auc,roc_auc,weighted_bce,precision_at_k,recall_at_k,k,n_test_fraud
HistGradientBoosting (class_weight=balanced),0.9994823027272759,0.9999355169641972,0.007512583303562228,0.19990588235294118,0.9995294117647059,21250,4250
Logistic Regression (class_weight=balanced),0.9945854461327005,0.9991175543203236,0.04857817749040345,0.19891764705882353,0.9945882352941177,21250,4250
"Ridge-penalized Logistic Regression (L2, C=0.1)",0.9945795237718351,0.9989765454785916,0.049763150451528126,0.19891764705882353,0.9945882352941177,21250,4250
"Lasso-penalized Logistic Regression (L1, C=0.1)",0.9945406212355226,0.9986308000912448,0.0737143807868149,0.19891764705882353,0.9945882352941177,21250,4250
